geoid,pct_poverty,median_household_income,pct_hispanic,pct_black_nonhispanic,pct_white_nonhispanic,pct_asian_nonhispanic,pct_minority,households,pct_limited_or_no_english
17031030101,17.5,49132,9.1,20.2,47.1,17.8,52.9,2162,6.4
17031030701,19.7,51625,12.9,33.2,45.7,5.6,54.3,894,1.9
17031070103,13.4,76477,6.3,8.7,69.2,6.1,30.8,1133,0
17031770602,3.8,85913,54.8,1,32.7,8.7,67.3,1541,18.8
17031841200,14,62819,83,2.5,13.6,0,86.4,1796,13.3
17031831900,10.8,131567,8.5,2.3,80.3,5.8,19.7,1435,0.9
17031832600,2.2,211324,4.5,1,85,3.6,15,1734,0.2
17031836900,73.4,43333,11.8,84.1,2,0,98,644,0
17031842300,10.3,173082,6.9,15.4,61,8.5,39,1752,0.5
17031839500,15.1,55625,20.2,51.8,13.6,3.8,86.4,777,1.8
17031835800,19.8,84500,9.2,89.9,0.2,0,99.8,916,0.5
17031838800,42.9,24432,43.2,52,1.9,0,98.1,1082,17.6
17031843400,17.4,43021,45.4,54.1,0,0,100,475,8.7
17031842600,16.1,91667,39.7,5.5,37,12.9,63,1620,11.2
17031841900,13.5,136955,12.9,20.4,39.8,22.2,60.2,1669,3.1
17031843200,13.5,70525,61.3,2.1,32.7,1.6,67.3,983,13.1
17031301803,13,59213,97.2,0,2.8,0,97.2,1179,18.2
17031320101,3.6,129221,7.8,9.2,55.1,21.6,44.9,5481,5.6
17031330103,13.8,122957,5.8,22.8,57.5,11.5,42.5,4902,1
17031380600,32,35804,2.4,67.7,13.5,1.5,86.5,2087,0.4
17031330102,0.9,110464,9.2,25.9,45.4,15.1,54.6,6366,0
17031330101,6,181013,6.3,4.2,54.4,28.1,45.6,2709,6.3
17031460800,40,33048,41,57.8,0.8,0.4,99.2,1370,12.1
17031630600,31.4,48398,86,8.1,4.7,1.2,95.3,855,19.4
17031490200,13.7,65268,0.5,90.8,3.4,0.9,96.6,1391,0.3
17031612200,25.5,46227,61.8,33.7,0,4.6,100,1155,20.2
17031844700,28.1,69583,27.6,67.8,1.7,1.5,98.3,683,4
17031844600,20.6,56848,13.9,74.8,5,0.3,95,851,0.6
17031320102,10.3,109211,9.9,1,57.4,28.3,42.6,2748,0
17031730202,4.5,81250,0.7,97.8,1.4,0,98.6,966,0
17031220701,8,79948,57.2,0,38.4,1.4,61.6,1141,12.6
17031063302,6.1,96364,3.4,3,78.2,10.6,21.8,2856,2
17031252201,32.4,45458,2.4,94.1,3.1,0.2,96.9,1071,0.4
17031660302,11.2,49101,78.9,20.8,0.3,0,99.7,1454,25.1
17031660301,29.8,28846,72,26.4,1.6,0,98.4,642,20.3
17031835600,69.8,14074,1.7,92.2,0,0.2,100,311,0
17031840000,19.1,87731,15.9,0.8,34.6,47.1,65.4,1027,19.9
17031836400,30.8,27012,7.9,80.6,4.7,0.7,95.3,1842,0
17031836100,37.4,19645,0,96.7,0.4,0,99.6,773,0
17031834600,40.8,24836,11.4,86.8,1,0,99,819,0
17031843600,16.2,71359,4.4,87.1,4.1,0,95.9,1391,0
17031061902,7.4,92011,4,6.2,76.7,11.3,23.3,2899,1.9
17031030102,24.4,59622,12.6,15.9,44.1,25.9,55.9,1989,11.4
17031030103,26.4,55651,23.5,11.8,47,13.3,53,1091,10.8
17031030706,7.8,50431,3.6,14.6,60.7,15.7,39.3,1918,6.2
17031030601,17.5,51136,7.2,26.2,42.9,16.9,57.1,1908,4.6
17031081202,6.3,158100,6.5,3.3,78.9,7.5,21.1,2094,1.1
17031063303,10.1,104813,1.3,1.6,80.7,14.1,19.3,919,0
17031836000,23.9,79485,2.8,87,4.1,0.9,95.9,1151,0
17031220901,15.4,83681,63.9,14.9,16.6,3,83.4,1032,16.2
17031210602,11.7,93589,60.8,4.2,30.7,2.9,69.3,1682,13.5
17031220602,13.5,71207,30.5,6.6,54.7,5.5,45.3,2674,11.3
17031220601,2,130500,28.4,4.3,56.3,5.5,43.7,754,4.9
17031040401,5.7,103750,25.9,2.6,56.7,7.6,43.3,1524,4.3
17031252202,29.9,45839,1,97.1,0.6,0.9,99.4,1841,0
17031252102,16.2,51992,8.8,85.2,0,0,100,2247,1.4
17031836300,29.8,50729,3.7,58.3,23.1,7,76.9,703,3.2
17031834500,41.8,53958,0,96.9,3.1,0,96.9,554,0
17031836200,9.9,,11.9,8.1,52.2,23.3,47.8,119,0.4
17031010501,11.1,48250,9.4,18.2,63,6.9,37,2379,1.7
17031020701,8.7,101250,15,6.8,54.4,18.5,45.6,748,7.3
17031833900,46.2,40694,50.5,46.8,1.8,0.4,98.2,772,11.6
17031834400,20.3,40588,1.4,80.7,10.1,1.3,89.9,1942,0.9
17031834300,18.7,52425,0.8,93.6,0,0,100,2571,0
17031070101,11.4,96944,10.8,2,78.9,5.8,21.1,2656,0
17031110501,7.4,104848,34.2,5.8,44,13.1,56,1960,12.8
17031030104,22,47330,15.1,10.7,55.1,16.6,44.9,1043,0.9
17031081401,10,82365,7.8,3.4,60.7,25.9,39.3,1530,4.9
17031430102,27.5,49672,1.3,91.2,3.9,0.4,96.1,2369,0.4
17031770902,8.2,74318,12.6,3.9,78.8,2.4,21.2,1582,7.6
17031430101,29.1,37917,1.7,97.2,0.4,0.8,99.6,1878,0
17031252101,18.1,50139,3.1,91,0.1,0,99.9,728,0.7
17031010201,25,49639,34.6,30.3,18.5,5,81.5,3038,13.4
17031760801,14,75625,6.4,4.5,54.9,30.2,45.1,2342,13.3
17031839000,14.2,95565,13.8,11,51.6,20.1,48.4,6440,2
17031440201,32.3,38257,0,98.4,0,0.4,100,2351,2.1
17031540101,56.7,16176,3.4,93.5,0.2,0,99.8,1566,0.3
17031834000,20.2,41225,0,94.1,0,0,100,1242,0
17031711100,21.9,49688,0,99.6,0,0,100,1037,0
17031711200,12.2,60433,10.5,85.2,0.5,0,99.5,1700,5.3
17031711500,12.5,52885,1.8,94.6,0,3.6,100,818,2.2
17031270500,46.6,24375,0,98.7,1.3,0,98.7,616,0
17031680900,38.1,18333,1.1,92,1.9,1,98.1,1840,0.4
17031221000,11.9,89044,48.9,3.5,42.4,1.6,57.6,1100,11
17031221100,15.3,96514,33.5,7,48.8,4.4,51.2,2037,4.9
17031242800,6.4,165375,24,1.1,70.2,2.5,29.8,691,9.8
17031242900,6.5,124960,19.2,3.2,64,5.9,36,845,3.6
17031243000,3.9,123750,25.1,1.9,55.2,10.6,44.8,1098,2.7
17031243100,2.7,107833,45.3,2.1,40.6,5.2,59.4,958,11.5
17031243200,10.1,124648,20.6,7,55.2,11.3,44.8,1117,1.6
17031243300,4.2,122917,18.1,1.7,68.4,4.7,31.6,1371,2.7
17031243400,13.7,113966,19.5,5,63.8,5.2,36.2,1540,4.3
17031071400,17,123070,6.8,4.8,81.5,5.3,18.5,2796,0
17031110400,4,85825,20.1,0.7,65.6,9.8,34.4,2057,10.2
17031150600,10.6,95045,48.2,1.2,42,5.1,58,1414,4.5
17031150700,4.8,108385,45.7,1.3,47.6,2.3,52.4,1423,6.3
17031150800,10.6,79044,49.7,2.7,39.5,2.8,60.5,1709,12.4
17031151100,9.4,76864,54.5,0.9,40,3.4,60,1850,14.5
17031151200,12.3,92201,43,0,51,4.7,49,1303,18.1
17031241500,5.1,178750,11.9,1.1,69.8,7,30.2,1305,0.6
17031241100,19.6,90822,32.4,6.9,51.9,4.5,48.1,1664,9.9
17031241600,11.4,121471,18.9,0,65.3,10.8,34.7,1774,3.3
17031241300,10.5,182829,16.3,5.6,68.4,7.9,31.6,791,3
17031241400,5.2,200429,5.6,4.7,74.6,6.5,25.4,2600,3.2
17031243500,4.4,169198,14.5,5.1,70.8,5.3,29.2,2440,0.6
17031250200,27.1,45019,49,47.8,2.7,0,97.3,853,6.8
17031250300,19.8,64537,41.3,47.9,7.6,1,92.4,1648,13.1
17031250400,15.1,47281,24.7,66.3,4.6,0,95.4,2085,6.8
17031250500,11.8,120386,39.4,22.6,32.5,1.3,67.5,2909,4.7
17031071500,2,123663,7.2,1.7,83.2,6.2,16.8,3808,1.3
17031071800,4.1,232807,6.8,8.4,75.7,8,24.3,1090,0.9
17031080100,9.5,116983,2.9,0.4,85.2,7,14.8,4314,0
17031080300,8.3,157882,17.5,0.7,68.2,10.9,31.8,3238,0
17031080400,27.7,,0.9,63.2,24.8,6.4,75.2,2273,0.1
17031160100,5.1,111602,24.7,0,57.1,16.9,42.9,999,6.5
17031160200,10.8,128288,20,5,62.9,2.5,37.1,1321,4.6
17031160300,14.6,76083,14.5,4.7,53.5,18.4,46.5,1792,4.8
17031160400,15.6,72593,40.9,5.8,44.3,7.1,55.7,2138,6.2
17031160700,8.6,89531,52.6,4.1,32.8,8.4,67.2,2532,9.9
17031221300,17.7,87432,37.2,3.7,47.6,7.6,52.4,1479,8
17031221500,14.1,72292,33.2,11.9,52.9,0.8,47.1,1442,9.5
17031221400,8,108789,26.1,2.5,50.3,11.4,49.7,1529,4.7
17031250600,19.8,81458,21.3,78.3,0.4,0,99.6,1291,2.4
17031250700,28.9,50924,23.1,74.3,2.1,0,97.9,2159,4.8
17031250800,18.7,65884,28.6,69.3,0.4,0.6,99.6,807,6.3
17031251000,40.8,35568,34.3,65.7,0,0,100,419,12.1
17031251100,30.2,40584,21.9,75.8,0.2,0,99.8,1704,4.3
17031051400,8.6,150357,16.6,7.4,63.6,11,36.4,1062,1.3
17031060100,2.7,145313,8.5,1.2,75.5,8.8,24.5,1283,2.8
17031060300,3.4,139306,13.1,1.7,75.8,7.4,24.2,1217,0.2
17031060800,10.4,83534,11.1,7.9,62.3,13.7,37.7,3686,3.5
17031160800,7.7,83148,60.7,0.4,30.7,4.9,69.3,1878,12.5
17031160900,4.6,116063,19.8,2.4,61.6,14.1,38.4,1037,2.5
17031161000,6.1,113287,20.2,0.1,68.3,9.6,31.7,823,0.7
17031161100,5.4,153750,19.4,5.7,64.7,4,35.3,750,2.3
17031161200,23,76797,54.8,4.5,28.9,6.4,71.1,1089,2.2
17031161300,17.1,58425,56.4,0.8,35.5,4.5,64.5,1577,17.2
17031170100,26.3,41699,10.7,5,76.4,7.6,23.6,1085,15.7
17031221600,6.3,138152,23.1,1.2,64.9,7.1,35.1,1368,0.7
17031242100,5.8,205338,17.8,0.4,63.5,6.3,36.5,2044,3.1
17031242000,5.9,151724,10.1,18.7,56,9.3,44,2312,2.2
17031251200,6.4,64309,34.5,65.1,0.3,0,99.7,1208,10.3
17031251300,24.9,42182,9.2,83.8,3.6,0,96.4,1504,0.3
17031051300,1.6,199890,15.5,3.5,74.8,0.9,25.2,1105,0.9
17031600700,16.7,68237,15.9,1.6,24.7,52.9,75.3,1215,25.3
17031600900,16.6,62049,26.4,6.3,23.7,39.6,76.3,1542,19.2
17031672000,21,45192,19.6,77.2,0,0,100,1062,5
17031710900,35.2,48867,9.5,88.2,0,0.8,100,765,0.7
17031711000,20.7,55197,5.9,90.9,2.3,0.9,97.7,1250,1
17031711300,9.1,76524,0,93.4,1.3,5.3,98.7,688,4.3
17031711400,19.9,59188,6.9,90.9,0.6,0,99.4,878,4.1
17031271200,34.9,31048,2.5,86,8.7,2.7,91.3,420,2
17031271300,30.1,45046,5,85.3,1,0.9,99,333,0
17031271400,38,43355,7.5,75.7,14.6,1.6,85.4,530,0
17031350100,24.7,65000,0,23.6,5.7,64.6,94.3,1484,3.1
17031350400,53.1,20938,3.8,88.5,0,0,100,652,2.4
17031351000,18.4,61347,4.4,73,2.7,12,97.3,2479,2.1
17031351400,29.3,30542,12.4,63.3,6.8,0,93.2,795,1.6
17031360200,46.2,28456,0,95.4,1,0.5,99,809,0.1
17031430400,25.7,38034,2.6,89.7,3.4,0,96.6,1322,0
17031430600,23.9,42487,3.4,90.4,0.7,0.5,99.3,807,0.2
17031430800,17.8,47625,0,90.1,0,0,100,803,0
17031430500,30.3,36310,0.3,97.6,0.4,0,99.6,2059,0.5
17031430900,29.4,31357,0,96.9,0.8,0,99.2,854,0
17031610300,39.2,49901,85.6,8.3,2.8,2.9,97.2,2095,21.8
17031681000,37.5,27844,11.1,80.7,0,1.7,100,1099,2.3
17031681100,27.6,36083,7.8,92,0.1,0,99.9,878,1.3
17031680500,24.4,42639,27.1,66.7,6.2,0,93.8,565,3.8
17031720100,12.3,149180,15.5,25.8,49,2.2,51,1111,0
17031720200,2.6,121080,5.9,48.2,43,0.4,57,1547,0
17031720300,2.9,136914,2.6,28,64,0,36,1473,0.2
17031720400,3.1,122396,10.7,4.7,82.6,0.8,17.4,692,0.1
17031720500,3.2,111250,9,1.1,89.2,0.7,10.8,726,0
17031720600,5.1,156927,1.3,24.7,72.4,0,27.6,633,0
17031720700,10.4,98897,3.2,56.7,28.5,0.5,71.5,1269,0
17031040600,8.3,90921,17.5,5.6,69,1.4,31,1284,3.8
17031040700,8.1,109205,8.9,2.7,71.6,10.1,28.4,1693,1.7
17031040800,4.2,110179,13.3,1.6,72.5,6.6,27.5,769,0.5
17031380100,18.5,79734,2.8,89,6.8,0.1,93.2,1049,0.1
17031380200,45,18690,0.7,78.1,13.8,0,86.2,1212,0
17031431200,9.2,60110,0.5,97.5,0.7,0,99.3,1281,2.4
17031431400,40.1,38438,4.4,85.1,7,1.8,93,3288,0
17031050100,3.6,114063,9.5,2.3,82.6,3.4,17.4,1156,0.7
17031610800,10,125250,25.3,0,57.2,15.3,42.8,608,6.7
17031611300,20.8,48351,86.7,8.3,5,0,95,1124,24.5
17031611400,49.6,32056,98.8,0,1.2,0,98.8,1034,26.7
17031611500,21.5,42353,86.7,7.6,5.7,0,94.3,1036,25.9
17031611900,28.8,39375,47,53,0,0,100,565,12.2
17031681200,45.6,23250,0,87.4,4.3,0,95.7,855,0
17031810400,3.4,148750,4.2,0.9,90.6,2.2,9.4,2076,1.3
17031381200,20.4,53750,1.4,92.4,3.1,0,96.9,1096,0
17031381400,31,44399,9.7,87.9,0.9,0,99.1,732,2.9
17031283100,28.4,61806,17.3,19.8,31.1,24.6,68.9,1428,9.8
17031283800,18.1,86103,7.5,55.6,24.3,9.8,75.7,1609,1.6
17031691200,36.3,34444,0.6,97.8,0.6,0,99.4,822,0.3
17031691100,20.5,55170,0.1,99.7,0,0,100,1191,0
17031730100,24.3,57200,0,95.1,2.4,0,97.6,966,0
17031730300,15.6,45278,0,98.6,0,0,100,354,0.7
17031730400,13.8,88365,1.3,97,1.6,0,98.4,1395,0
17031730500,25.9,64566,0,99.7,0.3,0,99.7,1813,0
17031730600,11.3,80500,1.5,96.4,1.5,0,98.5,1082,0
17031381700,,,,,,,,0,
17031440300,6.5,55476,5.9,91.9,0,0,100,2150,1.1
17031612000,27.3,57396,22.8,77.2,0,0,100,502,8.1
17031612100,24.6,25000,34.4,62.5,3.2,0,96.8,350,4.6
17031620100,4,85256,82,2.6,11.2,4.2,88.8,1238,15.6
17031620200,3.4,64107,67.5,1.9,29.1,1.5,70.9,759,9.6
17031620300,12.2,71319,85.7,0,12.4,1.9,87.6,2300,12.9
17031620400,18,62000,87.3,0,7.7,5,92.3,1314,17.3
17031730700,18.1,67500,4.8,93.3,0,0,100,774,0.1
17031740100,11,109375,15.9,1.1,80.2,1.6,19.8,1243,1
17031740200,6.2,124161,9.6,0.8,79.9,0.8,20.1,2141,0
17031740300,4,124250,11.1,0,88.3,0.6,11.7,1929,0.1
17031740400,3.4,91042,10.6,9,76,1,24,1899,0.7
17031381800,14.7,49671,3,89.2,1.9,0.3,98.1,773,0.1
17031381900,19.6,65506,3.2,75.1,21.7,0,78.3,521,1.4
17031390100,11.4,,4.4,73.2,11,4.5,89,798,0.9
17031390200,9.6,109868,3.3,67.5,14.6,7.9,85.4,908,2.2
17031390300,42.1,35266,3.6,88.2,3.8,1.8,96.2,1540,0.3
17031390400,42.5,31833,4,86.9,3.9,0.9,96.1,1482,0
17031390500,17.1,62188,10.3,47.5,30.7,3,69.3,866,0.5
17031390600,25.2,94115,1.9,44.6,41.2,4.4,58.8,877,0.5
17031390700,18.8,67610,1.6,53,26.8,11.5,73.2,3474,0.8
17031440600,21.4,56989,2.9,95.5,0.5,0,99.5,703,2
17031440900,34.5,43359,0,78.1,19.9,0,80.1,1017,0
17031440700,16.6,91031,18.6,81.4,0,0,100,557,0
17031440800,57.6,23750,2.6,94.6,0,1.3,100,708,1
17031630300,15.1,64871,96.5,1.4,1,1.1,99,1474,24.3
17031630500,20.6,53235,95.9,1,2.5,0.6,97.5,1646,21.1
17031630800,12.8,72582,94.6,1.1,1.8,1.7,98.2,1823,22.7
17031630900,8.5,49922,86.6,11.3,1.5,0.1,98.5,1512,11
17031640100,6.4,67585,89.9,2,8.1,0,91.9,493,15.3
17031640300,5.6,86900,65.6,2,30.3,0,69.7,2324,10.9
17031750100,16.3,53273,1.7,89.2,7.8,0.6,92.2,1559,0
17031750200,7.3,79464,6.9,63,24.6,4.8,75.4,1466,0
17031750300,3.9,120643,4.8,11.1,75.6,0.7,24.4,988,0
17031750400,3,108788,10.9,25.8,56.8,1,43.2,1281,0.4
17031750500,13,68615,0.8,62.4,24.5,0.2,75.5,1980,0
17031282700,13.3,88646,22.9,36.9,25.8,9.4,74.2,1054,4.8
17031282800,13.8,85000,45.2,10.6,26.3,14.5,73.7,604,2.9
17031400300,16.7,71288,1.2,90.4,3.9,0.8,96.1,602,1.7
17031400500,43.5,24659,2,95.4,1.5,0,98.5,1204,0.9
17031400800,71.5,22648,2.2,97,0,0,100,1328,0
17031410100,15,58667,4.1,50.1,22.9,13.3,77.1,1428,0
17031410500,29.1,73041,5.1,52.4,20.6,14,79.4,1692,1.3
17031410600,34.3,48071,9.5,24.9,40.1,16.5,59.9,1158,0.2
17031460100,21.8,48207,18.5,71.2,7.2,0,92.8,977,4
17031450300,14.5,46207,1,94,0.8,0.3,99.2,1490,0.9
17031460200,36.2,29246,57.6,39,2.9,0.5,97.1,925,13.3
17031640400,8.5,93488,49.8,1.4,48.5,0,51.5,1214,9.6
17031640500,8.1,76250,53,1.4,41.6,0,58.4,1632,11.9
17031640600,7.7,74773,61,0.4,36.5,2.1,63.5,1806,5.9
17031640700,7.2,78533,79.2,1.5,19.1,0.1,80.9,1063,5.8
17031640800,18.3,40556,76.2,1.2,20.6,2,79.4,594,11.5
17031650100,12.2,65852,83.9,0.6,15.2,0,84.8,1413,10.2
17031650200,6.1,93041,84.6,0,11.1,4.2,88.9,2172,7.4
17031750600,27.9,58494,5.4,91.8,1.3,0,98.7,1234,0
17031410700,28.5,57000,8.2,27.8,37.8,16.9,62.2,1236,0.8
17031410800,17.3,63091,8.1,18.6,43.1,19.4,56.9,1646,0.3
17031410900,15.2,75562,13.4,23.4,49.4,8.7,50.6,1958,0.2
17031411000,24.5,69014,5.5,29.6,40.8,15.7,59.2,2454,0
17031411100,9.2,123611,5,3.4,55.4,21.2,44.6,976,0.9
17031411200,16.5,93958,6.7,7.6,58.8,19.3,41.2,799,0.8
17031460400,23.4,70472,0,95.3,0.8,0.5,99.2,1333,0.3
17031460500,18.6,54850,1.1,89.4,8.2,0,91.8,2739,0
17031461000,40.9,14311,34.6,59.4,5.4,0,94.6,741,6.1
17031561000,6.4,85741,48.3,0,51.7,0,48.3,2294,4.3
17031100200,2.3,113767,29.9,0.4,65.5,2.7,34.5,2830,2
17031020200,5.4,115559,29,6.2,45.8,13.5,54.2,1999,7.7
17031420100,39.5,22215,0,95.4,1.7,0.4,98.3,823,1
17031420200,41.3,39688,2.4,63.1,23.3,6.9,76.7,689,1
17031420400,32.5,38605,14.5,56.1,17.8,7.9,82.2,720,1
17031420700,42.5,28605,2.5,94,0.1,0,99.9,1168,0.7
17031420800,15.4,56357,0,88.2,4,0,96,1016,0
17031470100,23.5,46614,5.2,91.8,0,0,100,932,0.2
17031480100,19.2,71719,0,98.6,0,0,100,915,0
17031480200,17.5,49667,3.8,92.7,0,0.3,100,600,0
17031480300,23.9,54268,7,90.7,1.2,0,98.8,488,1.3
17031480400,5.8,78064,0.2,98.2,0,0.5,100,2357,0
17031650400,22.9,82758,93.4,1.1,4.4,1.1,95.6,1651,23.8
17031650500,18.2,64432,71.3,9.2,17.6,1.5,82.4,1547,17.8
17031660400,21.2,50710,94.6,1.5,2.9,0,97.1,1521,21.3
17031290900,39.4,46189,0.5,96.9,1.7,0,98.3,1302,0.5
17031291200,31.1,24555,0.8,99,0.1,0,99.9,693,0
17031421200,12.3,45972,0.9,95.4,0.1,0,99.9,699,0
17031271500,23.6,50926,7.6,90.3,1.1,0,98.9,474,1
17031292200,18.1,37028,8.6,81.4,1.6,0.6,98.4,956,3.6
17031292400,41.5,40152,1.5,79.6,18.9,0,81.1,696,0
17031292500,20.6,54968,24.5,68.9,0,0,100,1488,0
17031271800,4.3,51550,4.8,86.1,9.1,0,90.9,303,0
17031280100,2.5,148319,4.1,4.4,69.6,16.7,30.4,5426,1.3
17031280400,21.5,36681,13.6,77.8,7.6,1.1,92.4,561,0
17031300600,18.8,51092,88.5,6.2,5.2,0,94.8,959,18.4
17031300700,10.5,49206,94.9,0.8,1.1,3.3,98.9,1797,31.1
17031301100,13.9,44598,85.5,2.5,11.9,0,88.1,777,24.7
17031301200,24.8,53654,59.3,33.5,5.1,0.9,94.9,1624,14.4
17031480500,26.8,59484,19,77.4,1.4,0,98.6,1161,1.1
17031490500,8,78319,0.8,93.4,4.4,1.1,95.6,727,0.6
17031520200,30.2,46803,87,3.2,7.8,0,92.2,1113,7.5
17031520300,12.9,54175,86.1,4.9,8.6,0,91.4,2017,17.5
17031520400,18.6,49494,83.4,2.3,13.6,0,86.4,1434,2.9
17031520500,13.3,84563,84,0.3,14.2,0.9,85.8,1545,9.5
17031520600,7.7,70750,86.5,0,13.5,0,86.5,805,4.1
17031660500,11.6,66944,89.2,4.8,4.6,0.2,95.4,1524,23.3
17031660600,25,39913,54.7,36.8,2.2,0,97.8,2087,15.3
17031660700,27.7,32864,23.9,75.8,0,0.3,100,610,6.5
17031660800,36.2,43569,47.4,47.7,1.1,0.8,98.9,2211,7.3
17031660900,33.5,45572,36.7,59.1,2.5,0,97.5,1627,13.3
17031661000,26,49652,31.8,57.1,2.1,0.6,97.9,2067,7.6
17031280900,21.1,,0,74.5,14.2,9.5,85.8,402,1.9
17031301600,28.8,30158,90.4,3.9,4.5,0,95.5,1493,39.1
17031490600,19.4,66927,3,86.8,8.8,1.4,91.2,521,0
17031490700,30.9,42083,3,90.5,0.5,0,99.5,866,0
17031490800,5.2,47212,0.8,98,0,0,100,1202,0
17031491000,35.5,33065,6.3,79.9,13.1,0,86.9,1185,7.9
17031491100,9.2,77045,2,93,1.9,0.2,98.1,1356,0.2
17031530200,20.7,39579,11.8,84.1,3,0,97,1421,0.6
17031530300,14.5,56924,3.2,92,1.2,0,98.8,1590,1.3
17031530400,19.3,83836,4.2,90.5,2.3,0,97.7,815,0
17031530600,19.9,41678,0.7,97.5,0,0,100,948,0
17031560100,8.6,69491,53.2,18.6,11.3,16.4,88.7,315,8.6
17031670200,25.3,96152,5.7,94.3,0,0,100,484,3.8
17031670300,39.5,35038,14.4,81.1,4.4,0,95.6,429,2.1
17031670400,32.5,33482,14.8,83.6,1,0,99,633,0.6
17031661100,11.6,69196,71.6,24.7,3,0,97,1992,11.4
17031670100,25.3,36313,38.6,60,1.3,0,98.7,451,6.3
17031670600,41.6,39000,44.9,53.4,0.7,0,99.3,380,15.3
17031670700,48.3,29541,34.1,54.6,0,0,100,296,6.7
17031670800,21.8,43145,16.5,82.6,0.5,0,99.5,422,1.3
17031670900,37.7,30542,25.7,74.3,0,0,100,521,6.9
17031260900,47.1,20841,2.8,87.6,8.1,0,91.9,403,0
17031261000,20.2,48482,3.4,96.6,0,0,100,928,3.5
17031281900,9.7,125918,16.9,8.1,41.4,28.2,58.6,4296,1.8
17031310200,4,122422,28.8,7.2,38,19.7,62,792,3.6
17031310300,9.1,75605,75.6,2.4,17.2,1.8,82.8,794,17.5
17031310400,11.1,80786,63.5,1.4,27.2,1.4,72.8,679,11.1
17031310500,15,52344,80.2,3.2,15.7,0.9,84.3,683,16.6
17031491200,16.1,60417,3.1,93.3,1.5,0,98.5,620,0.2
17031491300,30.3,39615,6.4,92.2,0.3,0,99.7,652,0.5
17031491400,22.6,38491,1.5,94.4,0.6,0,99.4,1075,0
17031500100,16.4,67708,1.4,95.1,2,0,98,1497,0
17031500200,24.9,40720,4.8,81.3,0,4.5,100,798,1.9
17031500300,26.3,51336,21.4,29.5,46.3,0.2,53.7,925,4
17031560200,7.2,73125,55,34.9,2.3,3.6,97.7,519,11.7
17031560300,13.1,61979,74.5,4.8,17.4,2.4,82.6,1077,19.6
17031560700,12.1,80573,70.3,0,27.9,1.4,72.1,1319,12
17031560800,4.1,105886,59.7,0,39.9,0.3,60.1,1947,8.3
17031560900,8,106487,45.1,0,51.5,0.6,48.5,1879,2.7
17031010300,8,65871,22.6,20.6,49,5.4,51,3185,7
17031010400,16.2,49017,7.9,6.9,74.1,7.6,25.9,2058,0
17031010600,17.7,71920,19,16.7,54.2,3.8,45.8,3066,3.2
17031020100,17.3,69850,27.6,39.3,20.8,4.5,79.2,1644,12.3
17031280800,28.1,31500,7.4,81,4.6,0,95.4,432,0
17031420300,33.7,42881,7.4,29,38.6,19.7,61.4,663,0.6
17031130200,13,103611,42.9,0,44.3,10.5,55.7,720,5.1
17031240200,7.1,172019,23,3.8,62.2,5.4,37.8,805,8.7
17031611800,7.6,50250,68.8,29.4,0,1.8,100,507,11.8
17031030300,10.3,67143,22.7,19,32.3,20,67.7,1470,12.9
17031030400,13.1,97442,21.1,5.5,59,11.9,41,1354,4.8
17031020400,15.5,81840,28.8,24.8,35.6,7.6,64.4,1707,5.5
17031080202,12.3,104129,12.6,2.4,76.3,5.1,23.7,2838,0.8
17031060200,6.4,91081,15.8,6.3,71,2.8,29,1196,0.6
17031221200,16.1,126481,31.1,14.2,46.2,3.3,53.8,1298,2.4
17031061200,6.3,118398,15.9,5.6,71.4,1.6,28.6,867,1.7
17031030200,11.4,103758,25,2.8,59.3,6.4,40.7,2533,0.7
17031030900,4.4,97375,10.1,4,71.5,7.5,28.5,1576,1.4
17031031000,5.3,117114,18.7,2.7,62.9,11.9,37.1,2073,2.2
17031980000,,,,,,,,0,
17031600600,12.6,72210,22.5,0,26.7,50.2,73.3,1113,23.8
17031420600,36.8,43063,0,89.3,2.1,0,97.9,989,0
17031110100,7.2,94141,18.5,0.8,57,21.9,43,2325,8.8
17031031400,4.9,87500,8.9,6.6,70.9,10.6,29.1,3182,1.1
17031040900,3.7,92167,12.7,2.5,76.7,3.2,23.3,1136,3.3
17031050200,4.7,124167,15.5,1,72.6,6.8,27.4,2126,1.2
17031050300,4.7,166681,21.5,1,51.9,17.5,48.1,1091,2.4
17031031700,10.2,82774,11.3,13.6,65.5,4.8,34.5,3187,1.5
17031610400,18,35938,95.6,1,3.4,0,96.6,604,21.1
17031050600,5.7,114940,8.1,0.8,79.8,5.2,20.2,1191,0
17031071700,7.9,149821,1.3,4.7,82.2,7.6,17.8,663,0.8
17031031800,13.4,86159,15.4,4.4,53.4,13.3,46.6,983,2.5
17031050500,1.8,144250,6.6,0,84.2,6,15.8,1993,1
17031071600,5.4,242250,3,3.3,86.8,5.6,13.2,733,0
17031671400,42.9,29469,24.7,57.4,0,0,100,566,11
17031062300,5.2,244286,8.4,1,78.4,7.7,21.6,586,0
17031630400,8.3,58147,97.8,0.3,1.2,0.7,98.8,1793,27.8
17031010100,14,69460,21.7,36.9,34.8,3.7,65.2,2190,2.3
17031680600,16.9,52237,0,100,0,0,100,410,0
17031030500,4.2,123464,19.7,5.6,59.9,3,40.1,3021,2.6
17031171100,7.9,94830,53.6,2.9,37,4.8,63,1343,10.4
17031180100,14.2,97301,52.3,6,38,2.6,62,2289,11.1
17031251900,37.3,35047,11.1,85,1.6,0,98.4,2418,4.6
17031020500,32.8,46458,16.8,16.8,19.8,29.4,80.2,2184,15.4
17031081300,10.7,115260,6,8.8,66.5,15.8,33.5,3853,0.7
17031081000,14.7,81616,6.5,10.4,69.6,10.3,30.4,5415,2.8
17031130100,20.1,41336,4,2.8,63.2,25.7,36.8,1805,13.3
17031170200,5.7,90625,45.3,0.4,49,2.9,51,1293,13.6
17031170300,4.1,95328,33.7,0,57.6,5.6,42.4,1838,10.6
17031170400,7.3,105524,28.5,5.2,60.9,2.3,39.1,1609,7.3
17031170500,2.6,85395,26.7,2.4,62.1,5,37.9,2076,4.4
17031170600,12.5,78187,23.6,3.4,64.1,8.7,35.9,965,7.1
17031170700,6.8,82284,30.8,1.8,61.1,3.9,38.9,1153,11.6
17031170800,9.4,71897,37.3,1,53.1,6.3,46.9,1498,10.7
17031251400,31.8,21049,5,84.4,9.6,0,90.4,2109,1.8
17031260300,36.3,,10.6,87.7,1.6,0,98.4,469,1
17031260500,22.2,40991,2.6,97.3,0.1,0,99.9,603,0
17031260600,17.9,42875,1.3,96.7,1.3,0.7,98.7,670,0
17031260700,34.5,46167,16.4,82.2,1.4,0,98.6,484,4.9
17031260800,31.3,36681,0.4,93.1,5.3,0,94.7,655,0
17031050700,8.8,130699,11.7,0.3,83.3,1.3,16.7,691,1.5
17031050900,3.9,136053,15.6,0.5,75.6,3.3,24.4,662,1.4
17031051000,3.1,184464,8.5,6.1,70.6,8.9,29.4,695,0.3
17031051100,7.7,181827,20,0.4,68.8,5.2,31.2,737,2.9
17031051200,5.6,174598,9.1,2.7,77.4,4.2,22.6,645,0.3
17031170900,28,61771,57,2.9,38.3,0.8,61.7,638,18.5
17031171000,8.7,82790,37.6,1.7,46.4,11.1,53.6,2697,8.6
17031190100,6.5,53717,86.2,2.4,9.2,0.9,90.8,857,27.8
17031222200,4.8,188065,7.9,0.9,85.8,3,14.2,1018,4.7
17031222500,5.9,155878,21.9,2.9,69.8,3.9,30.2,549,2.2
17031222600,7.2,94688,31.2,5.5,53.5,4.7,46.5,754,5
17031251500,24.8,47491,22.3,74.2,0,1.7,100,1453,7.7
17031251600,30.2,34332,24.3,62.7,10.5,0,89.5,1268,3
17031251700,27.5,57037,17.1,79.8,3.1,0,96.9,424,7.9
17031251800,34.5,36681,5.7,93.1,0.2,0,99.8,1723,0.3
17031252000,32.2,30103,7.5,82.2,8.5,0.2,91.5,2402,2.1
17031130300,11.8,69857,21.3,5.6,29.5,40.6,70.5,1844,11.1
17031530100,31.2,29747,54.1,40.6,0.6,0,99.4,825,17.9
17031190200,20.3,82551,76.8,5,12.2,3.5,87.8,1623,12.5
17031190300,14.5,68281,68.9,3,18.7,6.6,81.3,2051,26.8
17031190800,10.8,56311,85.7,3.2,9.1,1.5,90.9,1907,19.3
17031260100,36,21875,4.9,91.9,1.2,1.2,98.8,647,0
17031260200,17,51125,11.2,87.4,0.5,0,99.5,393,2.4
17031061800,9.6,76393,11.4,3.5,68.3,12.8,31.7,745,0
17031410200,22.8,62591,18.2,26.3,41.6,11.5,58.4,725,0
17031222900,5.5,89630,70.4,6,21.8,0,78.2,396,8.6
17031241000,11.7,96518,39.6,4.2,43.5,6.6,56.5,860,8
17031230300,18.3,67337,82.7,9.3,8,0,92,247,30.1
17031190900,10.6,64375,69.5,8.1,15.3,7.1,84.7,611,26.1
17031191200,20.7,64688,92.8,1.8,4.8,0,95.2,1077,28
17031200100,19.1,72417,75.2,0.9,13.4,8.3,86.6,1297,10.4
17031200200,16.9,65599,78.8,3.4,14.3,3.5,85.7,1728,31.9
17031200300,26.9,39740,82.2,5.1,10.7,0,89.3,721,13.8
17031222700,18.7,86473,52.9,6.2,35.2,4.4,64.8,819,19.6
17031230100,26.7,89773,36.6,7.7,42.3,2.6,57.7,628,4.4
17031230200,6.6,78056,54.8,10.4,29.5,4.4,70.5,688,8.5
17031230400,19.6,91771,64.1,10.5,22.2,0.2,77.8,774,9.9
17031230500,23.4,35727,68.8,20.2,3.4,7.7,96.6,1291,13.9
17031351100,52.6,19913,10.8,86,0,0,100,1075,0.3
17031081900,4.1,238250,10.2,2.7,68,13,32,705,0.5
17031770500,20.9,59911,91.3,0,8.3,0,91.7,1161,25.5
17031611700,35.3,,84.4,13.4,2.2,0,97.8,800,14
17031300500,22.6,76023,92.5,0.9,6.6,0,93.4,977,28.4
17031381500,41.9,25019,1.2,93.4,2.9,0.4,97.1,421,0
17031420500,52.8,22432,1.7,95.5,2.4,0,97.6,1015,0
17031081500,8.4,141780,8.6,5.3,53.1,30.3,46.9,3447,0
17031081600,3.2,140323,7,0,73.8,12.2,26.2,2742,2.3
17031081700,6.8,134579,13.7,2.5,67.5,11.1,32.5,3719,0.4
17031081800,6.5,157238,12.6,1.7,73.2,5.9,26.8,7700,0.3
17031222800,24.6,71484,66.8,11.9,19.2,0.3,80.8,433,12.9
17031050800,1.8,157813,22.8,2.3,63.7,3.2,36.3,488,0
17031210100,6.1,115705,42.2,2.2,46.7,6.3,53.3,1758,6.4
17031210400,31.2,64665,71.7,4.7,16.9,3.3,83.1,967,15.8
17031230700,51.9,33994,73.1,9,7.2,9,92.8,2070,12.7
17031230800,13.9,71328,71.4,1.7,24.9,0,75.1,376,7.4
17031230900,17.7,80756,57.3,7.7,30.8,3,69.2,2024,10.8
17031550200,7.6,72232,63.3,1.1,35.6,0,64.4,972,4.2
17031823304,11.5,51040,26.6,16.6,52.9,0.4,47.1,2570,0.9
17031670500,51.6,29856,36,57.3,0.7,5.9,99.3,397,10.2
17031580800,8.3,67679,95.8,0,1.1,3.1,98.9,606,31.6
17031300800,45.7,31161,93.8,0,3.9,0,96.1,1246,29.8
17031191100,33.4,53683,85.5,3.8,6.9,1.9,93.1,1898,19.9
17031230600,15.3,57220,61.1,29.6,9.3,0,90.7,2164,15
17031242300,7.7,106919,15.6,1.8,74,5.5,26,1620,2.9
17031242200,4.8,168311,11.2,3,79.5,2.7,20.5,1975,3.2
17031032100,14.7,71804,21.6,15.9,46.7,12.5,53.3,4193,5.7
17031060900,7.8,86987,12,2.8,75.5,5.4,24.5,4886,3.3
17031061000,12.2,116500,8.4,1.6,68.5,17.5,31.5,1092,0.8
17031210700,6.2,100151,51.1,0.8,43.1,2.5,56.9,1560,7.5
17031291600,20,125050,74,4.8,18.7,2.5,81.3,609,3.3
17031400400,35.1,40029,1.9,90.2,2.7,0,97.3,896,4.1
17031120100,2.4,157543,9.3,0.1,81.1,7,18.9,1475,1.8
17031062000,10.8,133514,10.3,4.6,76.9,3.5,23.1,1753,0
17031611200,35.9,41480,70.3,21.5,7.5,0.7,92.5,741,23.2
17031300900,39.8,34259,97,0,3,0,97,1647,24.2
17031061100,5.3,123750,19.2,3,72.9,2.3,27.1,739,0
17031061500,5.2,126101,5.9,4.2,79.8,3.4,20.2,901,1.6
17031062100,7.8,92313,9,3.9,78.6,7.7,21.4,2091,0
17031062200,8.3,172841,12.6,0.4,80,4.6,20,1381,0
17031090200,6,129787,14.8,0.6,78.5,2.1,21.5,2648,1.3
17031090100,8.3,136463,11,0.3,84.3,1.6,15.7,1427,0.4
17031260400,66.7,13489,9.7,88.8,0,0,100,533,1
17031351500,31.4,65938,11.8,71.3,9.5,6.4,90.5,382,0.6
17031770800,3.5,79750,30.2,0,64.2,4.5,35.8,2002,6.7
17031081100,16.3,79683,3.5,6.5,77,4.6,23,2809,0
17031210800,8.7,92375,45.8,2.4,41.6,3.4,58.4,435,15.9
17031210900,7.8,106083,26.1,5.6,57.1,2.3,42.9,1512,1.5
17031241200,9.4,139688,9.1,9.6,68.2,9.4,31.8,887,1.1
17031031200,35.6,27869,21.6,39.3,26.4,9.5,73.6,3519,7.9
17031063000,10,103250,7.5,3.3,78.1,6.1,21.9,1784,0.3
17031062500,11.3,169917,13.3,0.5,74.6,10.4,25.4,681,0
17031062600,4.2,177045,9.3,1.4,74.5,8.8,25.5,930,0.4
17031062700,8.7,136667,6.9,1.6,74.8,8.8,25.2,1400,0
17031062800,2.7,166741,13.5,0.8,76.7,4.5,23.3,1553,0
17031062900,2.4,181429,10.8,5.7,69.7,6.6,30.3,1964,0.4
17031062400,9,158542,8.1,3.3,80.3,3.5,19.7,772,2.7
17031090300,7.7,117768,16.1,0,81.7,0,18.3,523,3.5
17031063100,8.3,97347,7,2.8,79.5,5,20.5,1407,0.6
17031063200,2.5,77183,8.3,7.1,74.9,3.6,25.1,4590,0
17031063400,5.1,116765,10.6,5.3,77.8,6.3,22.2,1348,0
17031242700,18.6,80227,35.9,8,50.7,0.8,49.3,806,3.9
17031070400,13.6,205772,6.2,0.9,80.7,8.6,19.3,1469,3.3
17031100100,11.1,109242,10.7,0,76.9,8.9,23.1,2134,1.1
17031100300,11.9,74250,14.7,0.7,78.1,4.4,21.9,2694,2.6
17031140100,6,92595,43.1,1.4,41.6,8.7,58.4,1211,16.2
17031140200,19.9,68875,39.4,7.7,28.2,21.5,71.8,2036,15.7
17031140400,11.4,98819,31.1,1.4,40.3,24.7,59.7,2083,10.5
17031140500,7.1,70598,42.6,1.8,35.2,11,64.8,1388,9.4
17031070200,6.7,101992,11,3,72,8.3,28,2102,1.7
17031070300,9.9,178750,6.2,2.1,77.7,9.3,22.3,1663,0
17031070500,1.4,194408,8.3,5.2,79.5,2.7,20.5,1318,1.3
17031070700,10.8,146806,13.2,7.6,59.4,17.6,40.6,1740,4.7
17031070600,4.3,210469,5.3,0.2,82,8.1,18,1291,0.4
17031100400,1.7,144125,15.3,0.2,71.6,9.7,28.4,1267,1.9
17031100600,12.8,84896,30.5,1.9,56.3,7.8,43.7,1861,5.3
17031100700,6.6,131932,14.8,3,68.6,11.6,31.4,1906,5.3
17031110200,8.4,66429,41.9,6.4,46.7,4.7,53.3,1356,1.7
17031150200,13.2,94021,27.6,3,57.1,5.2,42.9,2829,8.6
17031150300,6.6,88125,22.2,0.9,67.3,5.1,32.7,3206,3.2
17031140800,11.6,100250,29.8,0.4,58.8,8.3,41.2,2669,5.3
17031231200,50.5,31629,27.3,64.4,2.9,0.1,97.1,1985,2.9
17031231100,18.3,59745,47.7,47,4.8,0.5,95.2,424,15
17031242400,8.1,110129,17.4,1.4,75.1,4.9,24.9,1597,1.3
17031242500,11.5,93279,26.7,7.2,60.8,5.3,39.2,1536,8.9
17031671600,35.7,25849,0.5,93.4,1,5,99,701,2.3
17031120200,1,155481,4.1,1,81.2,11,18.8,1763,3.7
17031120300,6.1,137043,8.4,0.3,78.4,8.5,21.6,2551,1.7
17031120400,7,117404,30.7,3,44.1,16,55.9,1261,4.1
17031231500,31.6,31755,36.9,54.4,5.4,2.8,94.6,2270,7.7
17031071100,8.9,212677,10.3,1.2,77,6.5,23,1131,0.3
17031071000,5.6,186518,6.5,5.5,79.5,5.9,20.5,1043,0.1
17031071200,11,131163,8.4,1,73.4,11.1,26.6,1268,3.1
17031071300,14.6,127083,7.1,0.1,71.8,13.3,28.2,2113,3.2
17031110300,3.2,122652,27.8,0.5,63.4,6.2,36.6,1780,11.8
17031220300,10.4,94654,25.4,4,59.3,6.7,40.7,975,2.8
17031220400,9.7,124613,23.7,4.2,62.1,5.9,37.9,1150,9.4
17031220500,9.3,107857,24.6,3.8,58.1,7.1,41.9,1420,1.6
17031240300,6.4,142292,4.1,3,78.9,7.9,21.1,610,0.4
17031240500,3.8,178770,7.6,0.8,78.2,8.8,21.8,1349,0
17031060400,3.8,154038,8.8,1.5,79,4.9,21,1560,0.6
17031060500,23.4,60987,10.9,7.2,74.2,7.8,25.8,679,4.5
17031240800,13.2,103565,25.5,8.7,52,5.1,48,695,1.1
17031240600,14.8,166537,23.9,4.5,57.8,10.3,42.2,771,2
17031240700,13.2,96250,35.6,8.9,50.1,3.2,49.9,718,9.1
17031240900,5.9,98145,32.6,12.4,36.8,12.4,63.2,541,8
17031242600,17.3,85000,39.5,5.6,48.8,0,51.2,2588,9.3
17031310600,11.4,75604,56.5,4.4,29.8,6.8,70.2,2523,15.8
17031310700,17.2,72684,63.7,3.9,17.3,9,82.7,618,29.7
17031310800,20,72059,73.3,0,21.1,3.7,78.9,1756,21.3
17031020602,14.6,87804,27.5,8.8,32.1,29.1,67.9,1611,12
17031310900,25.9,76758,79.8,4.5,14.2,0,85.8,1887,16.7
17031510100,18.7,71276,80,10.7,9.3,0,90.7,1259,8.9
17031510200,20.4,48917,24.2,67.5,7.4,0.5,92.6,1217,2
17031561100,1.4,107857,53.6,2,42.1,1,57.9,2184,5
17031190701,6.6,67868,71.7,2,23.4,0.5,76.6,889,17.7
17031020901,25.6,52378,26,24.8,21.4,24.4,78.6,2212,15.4
17031010202,22.9,55119,16.2,36.4,37.1,8.1,62.9,1130,6
17031570100,23.6,73462,69.6,0,11.7,18.3,88.3,442,12.2
17031570200,5.2,,76.9,0,15.4,7.7,84.6,829,20.4
17031570300,8.1,60139,86.8,0,10.3,2,89.7,1901,17.1
17031570400,10,72263,82.8,0.6,12.3,4.4,87.7,635,34.2
17031570500,6,74899,77.9,5.2,14.1,2.3,85.9,803,20.8
17031690400,16,46313,0,96.9,0,3,100,1537,0
17031691300,24.7,55203,0,95.6,0,4,100,1051,0
17031691400,28.2,35495,3.9,92.7,0,0.7,100,1307,2.2
17031691500,45.2,24101,4.9,91,4.1,0,95.9,884,0.7
17031320400,20.9,137917,8.7,15.7,55.3,16,44.7,844,1.4
17031580100,18.2,49323,44.5,0.4,15.7,39.3,84.3,911,24.2
17031580200,26.6,36010,83.1,0,2.1,14.9,97.9,916,19.8
17031580300,6.3,83029,76,1.3,4.6,16.5,95.4,777,20.4
17031580400,20.4,56190,66.3,3.2,8.9,21.6,91.1,1502,24.6
17031580600,12.2,67297,79.7,0.8,7.2,11.2,92.8,1675,23.9
17031580700,33.1,59399,74.2,11,7.6,7,92.4,1649,23.8
17031681300,37.2,21888,0.9,95.1,0.3,3.8,99.7,893,0
17031681400,8,51835,0,98.1,0.2,0.1,99.8,653,0
17031690300,27,34978,2,93.3,4.6,0,95.4,715,0.4
17031690500,25,57841,0,100,0,0,100,331,0
17031690900,30.6,36927,1,90.5,2,0,98,1815,0.5
17031691000,24.7,64361,2.9,88,1.3,0,98.7,1205,0
17031700100,15.6,79659,43.9,49.5,3.2,0.1,96.8,1015,8.9
17031700200,21.4,74125,77.7,14.3,8,0,92,1881,8.8
17031320600,12,117847,15.3,11.5,46.8,22.6,53.2,3752,0.1
17031330200,8.8,140556,7,23.2,45.7,17.9,54.3,1784,1.2
17031590500,8.4,72383,43.8,6.1,26.8,17.9,73.2,775,7.8
17031590600,12.6,78137,69.4,2.8,14.4,12.7,85.6,1451,17.4
17031671200,26.4,42143,31.3,65.6,1.5,0,98.5,240,6.5
17031671100,64.8,15735,0,100,0,0,100,412,0
17031671300,39.4,29563,19.3,80.7,0,0,100,694,1.6
17031671500,25,43203,14.1,85,0.4,0,99.6,885,4.2
17031671800,35.2,52125,25.5,68.3,0.2,0,99.8,369,19.5
17031671900,7.9,36337,24.6,72.7,0,2.7,100,402,0
17031710100,45.9,28287,1.6,97.6,0,0.8,100,494,0
17031710200,36.8,30871,0,99.6,0.4,0,99.6,1784,0
17031710400,35.4,43986,3.5,93.7,0.4,1,99.6,2160,0
17031710500,31.6,44973,4.8,90.2,0.2,0,99.8,1545,0.4
17031710600,21.4,42132,3.7,85.3,9.5,0,90.5,939,0
17031710800,20.6,37580,1.9,95.7,0.1,0.6,99.9,1822,0.2
17031340300,13.4,50543,24.3,0,14.6,60.6,85.4,716,31.3
17031430300,21.4,53807,5.8,92.8,1.3,0,98.7,1039,0.3
17031340500,33.4,61018,7.9,5.5,48.4,35,51.6,971,26.3
17031340600,55.1,20588,0,84.3,6.4,5.2,93.6,494,2.9
17031430200,30.9,34072,0.3,90.9,6.2,0.7,93.8,2719,0
17031510300,36.5,30875,0,98.7,1,0,99,1939,0
17031520100,17.8,58713,93.2,0,5.8,0,94.2,495,21.6
17031590700,10.4,77344,65,0.8,14.4,17.2,85.6,993,14.2
17031600400,15.8,63497,10.5,6.1,26.6,55.9,73.4,1595,26.5
17031830600,14.4,64261,21,18.6,45.6,10.4,54.4,2168,10
17031830800,6.1,85819,11.8,4.8,70.3,10.9,29.7,1583,2.6
17031830700,25.4,67462,13.8,33.1,43.4,7.5,56.6,2114,7
17031830900,3.8,138092,26.6,0.7,65.1,6.2,34.9,1313,6.8
17031835200,8.1,79000,75.2,7.9,15.4,0.8,84.6,680,18.3
17031839900,7.6,89712,39.9,0.9,46.5,11.5,53.5,2135,2.1
17031839700,10,90149,33.8,2.4,37.5,22.1,62.5,1943,9.8
17031839800,17.4,79643,13.4,2.6,45.6,38.4,54.4,1136,14.8
17031834800,30.6,21636,5.1,92.3,1.2,0.1,98.8,710,3
17031834700,36.2,37000,21.1,73.2,0.7,1.4,99.3,648,5
17031832000,7.3,146944,8.5,1.3,81.3,3.4,18.7,1004,0.1
17031832500,13.2,148971,9.8,2.6,78.5,3.8,21.5,1480,0.1
17031832300,8.3,131212,8.7,6.8,69.5,7.6,30.5,1146,2.6
17031838300,15.6,104968,2,29,56.6,10.5,43.4,1668,0.6
17031831800,18.1,84357,18.7,7.2,35.8,34.6,64.2,2555,6.1
17031831700,12.7,47232,45.3,3.1,47.5,2.7,52.5,981,11.4
17031835100,20.9,46414,68.5,25.7,4.1,0,95.9,1440,15.6
17031835000,22.1,41907,60.4,35.6,0.8,3.2,99.2,1946,14
17031843700,8.2,134000,10,5,67.9,3.9,32.1,1024,2
17031220702,13.4,80452,55.6,4.9,35.4,2.7,64.6,1657,17.2
17031842100,18.9,60741,49.2,43.6,5,1,95,2096,12.4
17031843300,35.5,65278,30.4,53.6,8,1.2,92,416,1.7
17031843000,45.1,21726,0.9,89.4,9.7,0,90.3,1132,0.3
17031836500,32.3,,5.6,79,15.1,0,84.9,772,0
17031843900,33.1,47760,3,84.6,11,0.7,89,2148,0
17031490901,43.3,32284,1,96.1,1.5,0,98.5,1227,0
17031831100,12.4,97640,50,2.4,42.3,3.1,57.7,2815,11.3
17031831500,9.4,78682,53.4,9.9,28.5,4.1,71.5,1325,13.3
17031831600,6.4,59535,62.3,8.7,26.1,2.5,73.9,2576,9.8
17031831200,10.5,61250,88.5,4.6,6.1,0,93.9,1543,24.7
17031831000,5.8,199886,8.5,2.5,83,3.6,17,1115,0
17031843100,27.8,61648,12.1,77.2,9.5,1.3,90.5,517,0
17031842900,51.3,21521,2.4,63.8,20.7,4.4,79.3,1512,2.4
17031843500,25.6,55833,21.3,67.3,10.8,0.5,89.2,190,2
17031842000,16.9,135341,8.6,45.4,27.6,15.9,72.4,381,1.6
17031832400,4.9,128000,28.2,6.1,58.2,4.2,41.8,1788,6.2
17031832900,31.7,80951,7.4,6.2,48.2,35.2,51.8,786,3.4
17031840300,14.6,74722,51.4,2.3,15.6,29.5,84.4,1314,17
17031838600,36,14701,10.9,79.7,2.5,0.1,97.5,602,0
17031839600,21.8,68880,5.1,85.9,8.4,0.6,91.6,978,0.5
17031834900,36.1,20086,0.2,95.2,0.5,0,99.5,590,0
17031030603,12.9,54415,12.5,26.2,46.1,12.3,53.9,1342,2
17031832200,7,152902,10.2,3.4,69.4,11.1,30.6,1675,0
17031836700,21,47439,31.5,67.6,0.9,0,99.1,1042,2.7
17031836800,56.3,22642,1.1,94.1,4.6,0,95.4,1050,0
17031836600,11,84667,42.8,21.3,31.4,0.5,68.6,1074,11.7
17031833000,8.3,169489,2.6,7.9,77.1,6.8,22.9,2969,0
17031842500,32.2,36955,21.2,74.2,0,3.1,100,953,9.9
17031841800,25.7,50964,15.4,80.9,1.9,0,98.1,894,0.8
17031980100,,,,,,,,0,
17031842800,18.5,56667,87,0,6.9,5.5,93.1,2206,17.7
17031843800,15.9,57885,39.5,26.3,26.2,7.4,73.8,744,12.5
17031841000,18.8,105625,7,32.9,33.6,26,66.4,675,3.1
17031834200,17,63523,0.5,96.2,0.1,0,99.9,2216,0
17031842200,9.8,95174,4.7,9.3,64.5,14.5,35.5,2477,1.9
17031838000,26.9,,17.5,50.6,17.6,3.4,82.4,1454,0
17031010702,19,58289,34.4,38.3,22.4,1,77.6,1998,13.7
17031010503,46.9,21924,3,17.9,62.9,10.5,37.1,1477,6.9
17031010502,19.1,61367,10.6,13.4,63.4,3.6,36.6,1637,2.1
17031010701,8.3,74208,29,23.9,35.3,7.8,64.7,1652,3.6
17031020902,27.5,47963,12.9,14.4,33.7,36.7,66.3,1564,11.5
17031020302,7.5,81563,11.8,7.1,71.2,8.2,28.8,1711,1.4
17031020601,32.6,62015,15,3,46.7,22.9,53.3,2052,6.5
17031020301,13.2,76327,4.4,2,81.2,9.2,18.8,2093,5.8
17031760803,5.4,68276,20.3,9.3,60.7,5.5,39.3,2986,13.6
17031530501,48.7,41000,1.5,95.1,1.4,0,98.6,1812,0.1
17031530503,12.8,50405,0.4,97.9,0,0,100,1482,0.6
17031650301,15.5,53750,87.2,0.8,11.2,0.5,88.8,1641,16.5
17031650302,18.8,65833,94.7,2.3,2.8,0,97.2,1278,15.9
17031530502,15,75986,2.9,95.8,0,1.3,100,575,0
17031831300,31.5,45583,77.8,18.1,0.5,0,99.5,385,23.4
17031831400,26.7,33516,26.9,46.8,16.7,9.4,83.3,1171,3.5
17031837000,16.2,43951,5.3,85.1,7.8,1.2,92.2,938,0
17031842400,2,100870,5.7,92.9,0,0,100,1398,0.3
17031832100,15.8,84875,11.7,29.1,51.3,2.8,48.7,1898,3.8
17031020802,14.2,70044,29.2,4.4,24,34,76,2125,10.3
17031020702,14,76812,24.4,4.8,35.1,34.3,64.9,2487,19
17031020801,11.2,73151,24.2,13.5,47.9,9.7,52.1,2164,7.2
17031040202,18.4,62500,33.2,5.7,33,18.1,67,2954,19.2
17031040201,9.2,103409,18,2.9,70.9,5.6,29.1,3146,3
17031040402,7.7,94541,17.1,3,73.9,2.5,26.1,2494,6.1
17031031501,45.8,51731,8.7,39.9,30.2,15.5,69.8,2084,13.2
17031081201,4.7,134246,5.3,1.3,81.4,10.2,18.6,2948,1.1
17031063301,19.7,69188,8.7,6.1,70.8,9,29.2,2021,2.3
17031210601,10.5,90357,43.1,1.8,34.2,18.2,65.8,1142,13
17031030703,19.8,68861,18.9,13.5,51,10.2,49,1885,15
17031490902,26.3,69471,3.3,95.1,0,0,100,1845,0
17031301801,23.7,48944,98.9,0,1.1,0,98.9,1209,17.1
17031700301,10.5,84667,77.9,3.3,16.5,1.1,83.5,1828,10
17031301702,14.8,69000,97.9,0,2.1,0,97.9,1242,27.1
17031700401,13.5,94313,39.4,54.4,3.6,0.4,96.4,1907,6
17031837100,22.5,61351,38.9,37.4,17.6,1.3,82.4,708,2.8
17031837400,34.6,45234,17.5,70.1,11.6,0,88.4,783,1.6
17031837800,30.6,34688,8.7,66,19.6,5.7,80.4,1283,0
17031837300,48.1,22197,1,94.8,2.9,0.2,97.1,938,0
17031841500,42,24706,2.7,93.7,3.3,0,96.7,858,0
17031838700,45.1,24074,21,73,6,0,94,1621,9.5
17031150501,4.7,126806,19.5,0.3,59.6,11.5,40.4,1523,3.4
17031150401,11.4,93616,28.5,0.7,58.4,9.3,41.6,1794,12.5
17031150502,6.5,69869,41.2,0.1,46.1,11.5,53.9,1525,10.6
17031110502,6.8,80762,18.4,1,67.7,11.4,32.3,1513,8.3
17031150402,9.6,102094,43.7,3.5,45.8,5.2,54.2,1355,7.7
17031140302,11.3,75806,40.1,6.3,35,14,65,1343,18.2
17031140301,25.2,71648,60.5,4,9.6,21.7,90.4,926,33.4
17031700302,17.1,86000,63.4,13.3,21.2,0,78.8,1804,8.9
17031580501,9.6,52757,80.2,0.7,10,6.9,90,1627,18.8
17031580502,28.5,59803,88.5,0.4,4.6,6.1,95.4,1454,24.3
17031730201,12.5,61432,3.2,92.6,1.7,0,98.3,2124,0
17031301802,26.1,25513,97.8,0,2.2,0,97.8,945,21.6
17031440101,36,28326,0.8,95.2,0.2,0.9,99.8,2463,0
17031301701,15,56460,87.5,0,10.2,2.2,89.8,1456,31.2
17031839100,6,139943,15.1,8.6,42.2,31.2,57.8,4629,0.6
17031833100,5.1,168125,7.4,5.4,61.6,23,38.4,5311,0.7
17031838100,33.8,,9,49.3,37.4,4.3,62.6,1115,0.6
17031833300,22.4,90806,12.8,2.3,37.8,37.3,62.2,1288,1.1
17031838200,8.7,105667,24,25.9,30.2,16.5,69.8,374,0
17031140702,11.3,78789,64.7,1.4,26.7,6.2,73.3,2090,15.2
17031140602,24.4,67321,60.1,7.1,20,10.3,80,1706,20.4
17031140701,6.8,107790,45,3.7,25.2,22.9,74.8,1036,19.2
17031160502,10.1,85500,52.1,6.6,24.6,12.1,75.4,1560,5.9
17031160602,13.1,96324,38.1,0.4,47.4,6.9,52.6,1578,4.4
17031151002,12.2,78851,70.2,1,25.5,1.7,74.5,1648,14
17031151001,12.2,91992,68.4,0,26.3,4.9,73.7,887,17.9
17031190402,15.1,60316,65.4,0,27.3,4.4,72.7,1791,18.2
17031431301,32.9,36496,2,93.2,3.5,1.3,96.5,1451,0
17031431302,56.3,31981,13.4,81.6,3.3,0,96.7,1725,2.7
17031460302,22.7,44306,7.4,75.5,10.9,0,89.1,1286,0.9
17031460301,31.2,41296,37.8,58.4,1.7,0.4,98.3,1258,12.9
17031700501,27.3,64739,2.1,91.5,2.7,2.8,97.3,2443,0.1
17031700502,7.1,97624,12.7,83.2,3.3,0,96.7,1127,0.4
17031841100,19.3,43527,1.2,3.2,8.8,84.1,91.2,2952,46.8
17031840200,29.7,51771,18.7,0.3,17.5,63.1,82.5,861,34.2
17031841300,19,69327,64,4.8,24,3.1,76,1930,9.5
17031840700,3.8,106250,70.4,5.4,20.4,3.4,79.6,1277,14.9
17031841700,24.8,45854,55.5,32.2,11.9,0,88.1,610,16.6
17031190602,13.8,73315,77.7,1.7,18.5,0.2,81.5,1581,16.1
17031190401,7.9,104231,61.8,5.4,20.9,8.5,79.1,1292,12.3
17031190702,24,65551,83.2,6,10.8,0,89.2,1501,26.3
17031191302,10.3,58208,94.7,0.2,5.1,0,94.9,1180,26.9
17031190601,4.3,73607,90.6,1,8.4,0,91.6,1001,29.9
17031191301,12.6,65240,83,3.1,3.3,8.1,96.7,1587,26
17031200402,9.6,77091,79.1,1.8,18.7,0,81.3,1340,16.3
17031200401,15,73384,88.8,6.3,3.1,0,96.9,931,20.6
17031220902,15,78304,66.4,3.2,28.3,1.5,71.7,1055,9.6
17031210501,28.1,74886,53.1,2.5,32.8,8,67.2,1376,16.8
17031160601,3.5,74310,26.8,2,57.9,11.3,42.1,1522,3.4
17031061901,21.6,67063,12.4,8.8,71.1,4.8,28.9,2643,1.7
17031840800,23.4,47572,98.8,0.1,1.1,0,98.9,956,28.6
17031081403,10.8,117550,4,10.3,51,33,49,6501,0.3
17031030702,15.9,60133,19.3,5.2,44.7,29.6,55.3,1551,5.9
17031440102,34.4,36650,1,99,0,0,100,1973,0
17031440202,20.3,35079,1.1,94.4,0.6,0,99.4,1618,0.8
17031830500,10.6,65795,98.6,0.9,0.5,0,99.5,1132,22.5
17031840100,17.3,66981,12.7,3.3,24,54.9,76,1145,29.1
17031840400,9.9,77768,44.1,2.4,5.3,47.7,94.7,1223,24.8
17031839200,23.5,39133,4.1,61.3,14.6,10.5,85.4,1514,1.5
17031835500,49.4,20669,12.6,74.2,2.2,0,97.8,697,1.5
17031030604,19.8,51032,8.2,17.7,53.5,13.1,46.5,2058,5.4
17031031502,40.4,47674,10,38.4,41.3,5.9,58.7,2516,10.3
17031081402,6.6,166824,8.6,6.6,57.2,23.4,42.8,3594,0.8
17031080201,2.4,118417,1.7,0,88.3,6.2,11.7,2362,0
17031760802,5.3,93313,15.7,2.8,80.6,0.9,19.4,1169,12.4
17031140601,11.7,81833,44.7,9.5,25.4,18.6,74.6,806,19.7
17031070102,4.9,106062,5.5,4.1,78.3,7,21.7,1914,2.3
17031210502,14.7,79857,61.5,2.6,24.6,2.7,75.4,1516,17.1
17031540102,53.2,24583,0,99.2,0.4,0,99.6,1285,0
17031700402,6.5,98152,31.3,61.2,5.6,0.5,94.4,1178,3.9
17031030800,8.7,96719,11,4.3,68.4,5.8,31.6,2190,2.4
17031031100,16.4,83352,9.9,13.6,58.1,10.5,41.9,2948,1.5
17031031300,20.1,65617,13.8,11.3,54.9,15.6,45.1,4459,5.9
17031031900,4.2,92208,8.8,7.2,73.4,4.3,26.6,1385,2.1
17031160501,6.8,76514,54.6,9.5,28.2,6.2,71.8,1410,16.6
17031040100,5.2,94318,17.6,11.6,62.8,2.7,37.2,1924,2.5
17031040300,14.6,79896,21,3.3,46.8,24.3,53.2,1163,8.1
17031430700,25.9,37983,3,91.2,5.4,0,94.6,1320,0
17031611600,28.6,52692,43.9,56,0,0,100,514,16.9
17031340400,26.9,41125,4.2,9.3,23.3,52.8,76.7,700,29.9
17031770700,9.5,68145,29,2.3,60.7,6.3,39.3,1148,6.9
17031283200,13.7,64223,6.2,49.5,27.8,10.9,72.2,823,1.2
17031100500,0.7,117583,9.9,0.9,75.1,9.2,24.9,2338,4.1
17031191000,7.4,66632,93.7,1.1,4.8,0.3,95.2,731,15.2
17031560400,15.7,74554,78.9,0,13.6,7.5,86.4,475,23.4
17031710700,30.7,40938,1.8,96.4,0.4,0,99.6,1339,0
17031550100,12.6,52174,48.6,18.3,31.3,1.3,68.7,2698,9.5
17031710300,17,54886,3.5,95.6,0,0.9,100,533,0
